{
  "IsEncrypted": false,
  "Values": {
    "AzureWebJobsStorage": "UseDevelopmentStorage=true",
    "FUNCTIONS_WORKER_RUNTIME": "dotnet"
  },
  "Logging": {
    "LogLevel": {
      "Default": "Information",
      "Microsoft": "Warning",
      "Microsoft.Hosting.Lifetime": "Information"
    }
  },
  "AllowedHosts": "*",
  "ConnectionStrings": {
    "CMSConnectionString": "Data Source=HBS-TFAYAS05\\SQLEXPRESS2014;Initial Catalog=Kentico13_Core_Baseline;Integrated Security=False;Persist Security Info=False;User ID=Kentico13_Core_Baseline;Password=Kentico13_Core_Baseline;Connect Timeout=60;Encrypt=False;Current Language=English;"
  },
  "CMSHashStringSalt": "f7c717dd-4461-4a81-bcac-75e1e9bfa9e9"
}